{"Greg Kirczenow": [-1.381235122680664, 1.303465485572815], "Nikita Neveditsin": [-1.3293465375900269, 1.862796425819397], "Pranay Malusare": [0.23409375548362732, 2.450058937072754], "Rishabh Khevaria": [1.6548525094985962, 2.9019176959991455], "Raoof Naushad": [-0.5678339004516602, 1.8184185028076172], "Rakshit Gupta": [-0.9174342751502991, 1.753298282623291], "Princeton Dcunha": [1.088241696357727, 3.4605371952056885], "Bhavy Doshi": [-0.9917104244232178, 2.4407055377960205], "Neeyati Mehta": [-0.18623296916484833, 3.454439401626587], "D'Shon Henry": [-0.40478864312171936, 2.230193614959717], "Nghia Phan": [-1.1584872007369995, 2.214672565460205], "Carmen Leung": [1.013437271118164, 3.5036237239837646], "Deepakk Vignesh Jayamohan": [-0.1298457831144333, 1.740718126296997], "Somto Muotoe": [0.5502040982246399, 1.4575800895690918], "Sachit Jain": [0.4325583279132843, 2.831583023071289], "Hritik Arora": [0.02027176134288311, 3.842432975769043], "Pawan Lingras": [-1.328173041343689, 1.4082810878753662], "Weilin Wang": [-1.4933966398239136, 1.6736009120941162], "Lilian Guo": [1.8680328130722046, 2.8163511753082275], "Samuel Ebong": [1.9687490463256836, 2.553816795349121], "Andy Wang": [1.3561135530471802, 3.5966944694519043], "Sameer Patel": [0.9439764618873596, 2.1161372661590576], "Abhishek Vijayakumar ": [1.2306002378463745, 1.4984407424926758], "Kritika Koirala": [-0.3786994516849518, 2.8675343990325928], "Sudeep Raj Badal": [0.4355108141899109, 2.920851945877075], "Aravind Gopi": [1.7395601272583008, 2.308004379272461], "Sylvester Terdoo": [-0.9904925227165222, 1.195494294166565], "Francis Kuzhippallil ": [1.2729569673538208, 2.3774569034576416], "Ajay Jain": [-0.7654569149017334, 2.7691879272460938], "Tejasvi Bhutiyal": [-1.653050184249878, 2.8749945163726807], "Zaid": [1.7709275484085083, 3.4109482765197754], "Arpan Patel": [2.116119623184204, 2.4908249378204346], "Royston Furtado": [0.9216826558113098, 1.0390663146972656], "Rashad Ahmed": [-1.6274482011795044, 1.9447330236434937], "Akash Pandey": [0.38321223855018616, 3.4415011405944824], "Kin Wa Chan": [-1.7797579765319824, 3.443183422088623], "Shweta Dalal": [2.433458089828491, 2.9886043071746826], "Shiney Prabhakar": [-1.370024561882019, 0.8885875940322876], "Subhiksha Ramasubramanian ": [-0.6459304690361023, 0.7967761754989624], "Aditya Chaudhari": [0.6561912894248962, 3.8074233531951904], "Mehul Patel": [1.0317130088806152, 2.7674081325531006], "Abhilash Sibi": [1.072117805480957, 3.9718942642211914], "Sharlene Karina Wadhwa": [-1.5327346324920654, 3.199307918548584], "Julius Sun": [1.4754196405410767, 1.4876770973205566], "Venkata Sujay Kumar Vemuri": [1.846672534942627, 2.7934436798095703], "Roy Jasper": [-1.938666582107544, 1.5392576456069946], "Piyush Priyam ": [-0.21388976275920868, 0.8937693238258362], "Jerry Caleb": [2.4864165782928467, 2.653287172317505], "Vrushali Prajapati": [0.17003053426742554, 1.6517764329910278], "Amanpreet Singh": [-0.4528276324272156, 1.0849157571792603], "Haodong Tao": [0.6452910900115967, 2.124563694000244], "Papa Kwame Twumasi-Ntiamoah": [-1.0307921171188354, 0.8352721333503723], "Vishnu Tej Nanda Kumar": [-1.9296976327896118, 2.0844461917877197], "Umair Habib": [-1.9158732891082764, 2.8515539169311523], "Greg Kirczenow Modified": [-0.17976650595664978, 2.639949321746826], "Neeyati Mehta Modified": [-0.4411817789077759, 3.677262544631958], "Deepakk Vignesh Modified": [-0.18815748393535614, 1.8151761293411255], "Umair Habib Modified": [-1.9811131954193115, 2.890455484390259], "Samuel Ebong Modified": [1.9889987707138062, 1.942312479019165]}