{"Greg Kirczenow": [8.050825119018555, -3.131136417388916], "Nikita Neveditsin": [7.993795394897461, -3.3773300647735596], "Pranay Malusare": [6.7579545974731445, -1.3234626054763794], "Rishabh Khevaria": [6.68466854095459, -3.5997703075408936], "Raoof Naushad": [8.625166893005371, -2.636833429336548], "Rakshit Gupta": [7.310757160186768, -3.604907751083374], "Princeton Dcunha": [5.65051794052124, -1.6995549201965332], "Bhavy Doshi": [8.255120277404785, -1.7871195077896118], "Neeyati Mehta": [7.627614974975586, -2.146252155303955], "D'Shon Henry": [7.020050048828125, -2.7058305740356445], "Nghia Phan": [7.467097282409668, -2.9104201793670654], "Carmen Leung": [5.7784624099731445, -1.1834124326705933], "Deepakk Vignesh Jayamohan": [8.736557960510254, -3.1921141147613525], "Somto Muotoe": [6.3109660148620605, -2.1776859760284424], "Sachit Jain": [5.985505104064941, -2.413731813430786], "Hritik Arora": [6.647219657897949, -1.7924282550811768], "Pawan Lingras": [8.364848136901855, -3.3259143829345703], "Weilin Wang": [7.183740615844727, -3.9045777320861816], "Lilian Guo": [6.051516056060791, -3.754490375518799], "Samuel Ebong": [5.895369052886963, -3.330326795578003], "Andy Wang": [6.287900924682617, -1.6642732620239258], "Sameer Patel": [7.637504577636719, -4.184020042419434], "Abhishek Vijayakumar ": [7.405714511871338, -0.5026730298995972], "Kritika Koirala": [7.254757881164551, -2.310849905014038], "Sudeep Raj Badal": [6.091679573059082, -1.1592602729797363], "Aravind Gopi": [5.645495891571045, -3.3398449420928955], "Sylvester Terdoo": [8.20418930053711, -2.342397928237915], "Francis Kuzhippallil ": [7.549127101898193, -0.9256044030189514], "Ajay Jain": [7.887234687805176, -1.25400972366333], "Tejasvi Bhutiyal": [7.81349515914917, -0.22483551502227783], "Zaid": [6.7007904052734375, -2.348585605621338], "Arpan Patel": [5.675270080566406, -2.9055354595184326], "Royston Furtado": [6.873498916625977, -4.0559611320495605], "Rashad Ahmed": [8.461309432983398, -3.8163983821868896], "Akash Pandey": [7.240418910980225, -1.717651128768921], "Kin Wa Chan": [7.961767196655273, -0.4373461902141571], "Shweta Dalal": [6.21210241317749, -3.4665446281433105], "Shiney Prabhakar": [7.940380573272705, -2.763951301574707], "Subhiksha Ramasubramanian ": [8.864930152893066, -1.7210640907287598], "Aditya Chaudhari": [6.869934558868408, -1.9775424003601074], "Mehul Patel": [7.974939823150635, -1.742525339126587], "Abhilash Sibi": [5.74891996383667, -1.637945294380188], "Sharlene Karina Wadhwa": [7.568822383880615, -0.2636365592479706], "Julius Sun": [6.421525478363037, -3.2157247066497803], "Venkata Sujay Kumar Vemuri": [5.533348560333252, -2.2794411182403564], "Roy Jasper": [8.308796882629395, -3.652242660522461], "Piyush Priyam ": [8.764266967773438, -1.2216287851333618], "Jerry Caleb": [6.189980506896973, -2.850320816040039], "Vrushali Prajapati": [6.696935653686523, -0.8502146601676941], "Amanpreet Singh": [8.937402725219727, -2.3866801261901855], "Haodong Tao": [7.952834606170654, -4.025876522064209], "Papa Kwame Twumasi-Ntiamoah": [8.694293022155762, -2.2277207374572754], "Vishnu Tej Nanda Kumar": [7.8729987144470215, -3.5908029079437256]}