{"Greg Kirczenow": [-4.131281852722168, 2.099761724472046], "Nikita Neveditsin": [-4.570308208465576, 1.877000093460083], "Pranay Malusare": [-2.947467803955078, 0.8756673336029053], "Rishabh Khevaria": [-5.403706073760986, 0.17185582220554352], "Raoof Naushad": [-4.652838230133057, 1.1478586196899414], "Rakshit Gupta": [-5.07889461517334, 1.4520107507705688], "Princeton Dcunha": [-3.1428253650665283, -0.3132203221321106], "Bhavy Doshi": [-3.356492757797241, 1.3084053993225098], "Neeyati Mehta": [-3.9645164012908936, 0.02247592620551586], "D'Shon Henry": [-3.893172025680542, 0.8198627233505249], "Nghia Phan": [-4.337709426879883, 1.4149569272994995], "Carmen Leung": [-2.3392550945281982, 0.17663516104221344], "Deepakk Vignesh Jayamohan": [-3.7833337783813477, 1.2236058712005615], "Somto Muotoe": [-2.5157630443573, 0.9096692204475403], "Sachit Jain": [-3.5419304370880127, 0.41190123558044434], "Hritik Arora": [-3.838210344314575, -0.19145706295967102], "Pawan Lingras": [-4.018551349639893, 1.8097676038742065], "Weilin Wang": [-4.26699161529541, 1.5549746751785278], "Lilian Guo": [-5.269974231719971, -0.2081637978553772], "Samuel Ebong": [-5.0438232421875, -0.49997538328170776], "Andy Wang": [-2.834394931793213, -0.5029183626174927], "Sameer Patel": [-5.042129039764404, 0.5429264903068542], "Abhishek Vijayakumar ": [-4.601313591003418, -0.24984396994113922], "Kritika Koirala": [-2.723621129989624, 1.7606550455093384], "Sudeep Raj Badal": [-3.141474723815918, 0.6121980547904968], "Aravind Gopi": [-5.403358459472656, -0.8302289843559265], "Sylvester Terdoo": [-3.7964158058166504, 2.51668119430542], "Francis Kuzhippallil ": [-4.570727348327637, -0.7847490906715393], "Ajay Jain": [-3.1704540252685547, 1.5151488780975342], "Tejasvi Bhutiyal": [-2.0607707500457764, 0.9660048484802246], "Zaid": [-4.425769805908203, 0.18902990221977234], "Arpan Patel": [-5.55693244934082, -0.6714558005332947], "Royston Furtado": [-5.43995475769043, 0.8933263421058655], "Rashad Ahmed": [-4.7944769859313965, 1.787710428237915], "Akash Pandey": [-4.199438095092773, -1.0264736413955688], "Kin Wa Chan": [-3.8863823413848877, -0.794359028339386], "Shweta Dalal": [-5.725898742675781, 0.22852084040641785], "Shiney Prabhakar": [-4.237135410308838, 2.644831418991089], "Subhiksha Ramasubramanian ": [-2.8751308917999268, 2.4267215728759766], "Aditya Chaudhari": [-2.86806058883667, -0.03469294309616089], "Mehul Patel": [-4.817368030548096, -1.0588068962097168], "Abhilash Sibi": [-2.901672840118408, -0.06379014998674393], "Sharlene Karina Wadhwa": [-2.1204702854156494, 0.5988585352897644], "Julius Sun": [-5.08765172958374, 0.009729274548590183], "Venkata Sujay Kumar Vemuri": [-5.885361671447754, -0.3162393569946289], "Roy Jasper": [-3.4563677310943604, 2.1274588108062744], "Piyush Priyam ": [-2.5040831565856934, 2.2217705249786377], "Jerry Caleb": [-5.920162677764893, 0.0034165028482675552], "Vrushali Prajapati": [-2.4135916233062744, 1.4229891300201416], "Amanpreet Singh": [-2.254575490951538, 1.9531038999557495], "Haodong Tao": [-4.594175815582275, 0.6817930936813354], "Papa Kwame Twumasi-Ntiamoah": [-3.707566022872925, 2.8460276126861572], "Vishnu Tej Nanda Kumar": [-3.4046084880828857, 2.013308048248291]}