{"Greg Kirczenow": [13.66175365447998, 9.37690258026123], "Nikita Neveditsin": [13.624869346618652, 9.856074333190918], "Pranay Malusare": [12.667526245117188, 10.55444049835205], "Rishabh Khevaria": [11.654836654663086, 11.538780212402344], "Raoof Naushad": [12.89721965789795, 9.50622272491455], "Rakshit Gupta": [13.938701629638672, 9.196744918823242], "Princeton Dcunha": [12.55269718170166, 11.65771198272705], "Bhavy Doshi": [13.248272895812988, 10.22747802734375], "Neeyati Mehta": [12.290950775146484, 10.152922630310059], "D'Shon Henry": [13.126843452453613, 10.640810012817383], "Nghia Phan": [13.182175636291504, 9.795580863952637], "Carmen Leung": [13.019185066223145, 11.808737754821777], "Deepakk Vignesh Jayamohan": [13.719565391540527, 10.6834716796875], "Somto Muotoe": [12.343416213989258, 9.240592956542969], "Sachit Jain": [13.30203628540039, 11.216094970703125], "Hritik Arora": [12.157051086425781, 10.521896362304688], "Pawan Lingras": [14.29498291015625, 10.376503944396973], "Weilin Wang": [13.97338581085205, 10.218496322631836], "Lilian Guo": [11.50686264038086, 11.048837661743164], "Samuel Ebong": [11.85135555267334, 11.38847541809082], "Andy Wang": [12.351866722106934, 11.984990119934082], "Sameer Patel": [11.659066200256348, 10.563252449035645], "Abhishek Vijayakumar ": [11.406045913696289, 9.512361526489258], "Kritika Koirala": [12.815727233886719, 8.933128356933594], "Sudeep Raj Badal": [13.004332542419434, 10.9967622756958], "Aravind Gopi": [11.14751148223877, 10.933032989501953], "Sylvester Terdoo": [13.484940528869629, 9.173911094665527], "Francis Kuzhippallil ": [11.042611122131348, 10.070503234863281], "Ajay Jain": [13.048013687133789, 10.04857063293457], "Tejasvi Bhutiyal": [12.019968032836914, 8.674101829528809], "Zaid": [12.029400825500488, 10.998906135559082], "Arpan Patel": [11.38554859161377, 11.425524711608887], "Royston Furtado": [11.683056831359863, 9.776908874511719], "Rashad Ahmed": [13.754125595092773, 9.775395393371582], "Akash Pandey": [10.761228561401367, 9.937774658203125], "Kin Wa Chan": [11.252090454101562, 9.141499519348145], "Shweta Dalal": [10.889495849609375, 11.39279842376709], "Shiney Prabhakar": [14.148385047912598, 8.88463306427002], "Subhiksha Ramasubramanian ": [13.450794219970703, 8.589749336242676], "Aditya Chaudhari": [12.618101119995117, 11.346577644348145], "Mehul Patel": [10.750415802001953, 10.39103889465332], "Abhilash Sibi": [12.88215160369873, 12.084068298339844], "Sharlene Karina Wadhwa": [11.688864707946777, 9.009224891662598], "Julius Sun": [11.355154991149902, 10.266691207885742], "Venkata Sujay Kumar Vemuri": [11.270947456359863, 11.815313339233398], "Roy Jasper": [14.393192291259766, 9.646623611450195], "Piyush Priyam ": [13.037887573242188, 8.193058967590332], "Jerry Caleb": [10.873856544494629, 11.690152168273926], "Vrushali Prajapati": [12.50927448272705, 8.527300834655762], "Amanpreet Singh": [12.924236297607422, 8.64946460723877], "Haodong Tao": [11.892481803894043, 10.253456115722656], "Papa Kwame Twumasi-Ntiamoah": [13.783628463745117, 8.581369400024414], "Vishnu Tej Nanda Kumar": [14.25137996673584, 9.879984855651855]}