{"Greg Kirczenow": [-6.80055570602417, 0.2888566553592682], "Nikita Neveditsin": [-7.308863162994385, 0.8641007542610168], "Pranay Malusare": [-7.5641560554504395, 2.6148438453674316], "Rishabh Khevaria": [-9.926841735839844, 1.7620112895965576], "Raoof Naushad": [-8.572538375854492, 0.9630149602890015], "Rakshit Gupta": [-8.682345390319824, 0.3239456117153168], "Princeton Dcunha": [-9.204874038696289, 3.653372287750244], "Bhavy Doshi": [-7.315900802612305, 1.5192712545394897], "Neeyati Mehta": [-9.305854797363281, 2.516606092453003], "D'Shon Henry": [-8.216994285583496, 1.8252612352371216], "Nghia Phan": [-7.552079200744629, 1.7513471841812134], "Carmen Leung": [-8.228795051574707, 4.169787883758545], "Deepakk Vignesh Jayamohan": [-8.35069465637207, 1.3664219379425049], "Somto Muotoe": [-7.252168655395508, 3.208414077758789], "Sachit Jain": [-8.617837905883789, 2.266615390777588], "Hritik Arora": [-9.069573402404785, 2.5747621059417725], "Pawan Lingras": [-8.251957893371582, -0.06524510681629181], "Weilin Wang": [-7.775010108947754, 0.33780285716056824], "Lilian Guo": [-10.267683029174805, 1.3128267526626587], "Samuel Ebong": [-10.058238983154297, 2.3809001445770264], "Andy Wang": [-9.7697114944458, 4.225330352783203], "Sameer Patel": [-9.713042259216309, 1.0657086372375488], "Abhishek Vijayakumar ": [-7.53948450088501, 3.7258386611938477], "Kritika Koirala": [-6.453070640563965, 2.1839935779571533], "Sudeep Raj Badal": [-7.912615776062012, 2.755937337875366], "Aravind Gopi": [-10.57984733581543, 1.8112452030181885], "Sylvester Terdoo": [-6.2375922203063965, 0.5840264558792114], "Francis Kuzhippallil ": [-8.619427680969238, 3.156679153442383], "Ajay Jain": [-7.924450874328613, 2.084620475769043], "Tejasvi Bhutiyal": [-6.244149208068848, 3.0793228149414062], "Zaid": [-9.594844818115234, 2.2549703121185303], "Arpan Patel": [-10.449567794799805, 2.7231359481811523], "Royston Furtado": [-9.522502899169922, 0.2817782759666443], "Rashad Ahmed": [-7.0200276374816895, 1.0233440399169922], "Akash Pandey": [-9.502981185913086, 3.14898419380188], "Kin Wa Chan": [-7.112435340881348, 4.181734561920166], "Shweta Dalal": [-10.602072715759277, 0.7815592885017395], "Shiney Prabhakar": [-6.582857131958008, -0.3562500774860382], "Subhiksha Ramasubramanian ": [-5.926005840301514, 1.350880742073059], "Aditya Chaudhari": [-8.524492263793945, 3.4783761501312256], "Mehul Patel": [-10.153385162353516, 3.2837226390838623], "Abhilash Sibi": [-8.809548377990723, 4.194610595703125], "Sharlene Karina Wadhwa": [-6.589389324188232, 3.688765287399292], "Julius Sun": [-9.403576850891113, 1.4856797456741333], "Venkata Sujay Kumar Vemuri": [-11.026082038879395, 2.373448371887207], "Roy Jasper": [-7.512361526489258, -0.06787975132465363], "Piyush Priyam ": [-5.782910346984863, 2.1600072383880615], "Jerry Caleb": [-10.913681983947754, 1.1269859075546265], "Vrushali Prajapati": [-6.878755569458008, 2.6746153831481934], "Amanpreet Singh": [-6.258930206298828, 1.6269444227218628], "Haodong Tao": [-9.405949592590332, 0.7882543802261353], "Papa Kwame Twumasi-Ntiamoah": [-6.010622024536133, 0.2286146730184555], "Vishnu Tej Nanda Kumar": [-7.874102592468262, 0.8633337616920471]}